사번,본부,실,팀,성명,직군,조직상역할,직위,직위연차,직무,최초입사일,생년월일,휴대폰번호_뒷4자리
2692414,경영지원본부,구매지원실,자재구매팀,신지수,일반,팀원,매니저,5,설비구매,2017-08-19,1992-11-14,2907
5867918,경영지원본부,총무지원실,자산관리팀,조주성,일반,팀원,책임매니저,3,업무지원,2017-05-30,1991-09-23,6852
6928377,경영지원본부,인재경영실,컬처디자인팀,신하연,임원,본부장,부사장,4,조직문화,1987-07-29,1973-01-19,0590
6308373,경영지원본부,경영기획실,사업관리팀,문영빈,일반,팀원,매니저,4,사업관리,2009-11-12,2000-08-07,6076
1605810,경영지원본부,경영기획실,경영기획팀,허지성,일반,팀원,책임매니저,1,경영기획,2003-07-14,1975-08-27,9147
5516766,경영지원본부,총무지원실,총무팀,박지민,일반,팀원,매니저,7,자산관리,2010-06-17,1995-01-16,7400
5978353,경영지원본부,구매지원실,구매기획팀,유승빈,일반,팀원,책임매니저,4,자재구매,2004-10-07,1985-09-27,8665
9747853,경영지원본부,구매지원실,자재구매팀,김서혁,일반,팀원,매니저,4,설비구매,2008-06-27,2001-01-12,9400
8230001,경영지원본부,구매지원실,자재구매팀,서민수,일반,팀원,책임매니저,10,구매기획,1998-06-11,1981-04-23,9342
3146504,경영지원본부,총무지원실,자산관리팀,황예호,일반,팀원,매니저,5,업무지원,2020-10-07,1986-12-28,9527
5975810,경영지원본부,경영기획실,경영기획팀,윤하민,일반,팀장,책임매니저,1,경영기획,2011-04-01,1976-06-02,1535
6766560,경영지원본부,구매지원실,자재구매팀,박우빈,일반,팀원,책임매니저,7,설비구매,1999-10-27,1975-05-21,2424
3399487,경영지원본부,인재경영실,컬처디자인팀,송승진,일반,팀원,책임매니저,9,인사운영,2005-07-18,1977-03-15,2009
6507886,경영지원본부,경영기획실,사업관리팀,홍태지,일반,팀장,책임매니저,2,경영기획,2006-12-01,1985-03-22,5112
7529463,경영지원본부,경영기획실,사업관리팀,배하은,일반,팀원,매니저,8,경영기획,2023-02-06,1999-01-07,1434
2585026,경영지원본부,인재경영실,HR기획팀,한준아,일반,팀원,매니저,6,HR기획,2022-11-19,1989-11-07,7604
4190388,경영지원본부,인재경영실,컬처디자인팀,신현우,일반,팀원,매니저,7,인사운영,2014-01-23,1994-01-26,8219
2784905,경영지원본부,구매지원실,구매기획팀,전영혁,일반,팀원,책임매니저,11,설비구매,2016-02-10,1989-01-08,8027
1014927,경영지원본부,재경실,세무팀,양태은,일반,팀장,책임매니저,2,세무,2004-09-10,1973-09-03,3658
1190036,경영지원본부,구매지원실,자재구매팀,서윤혁,일반,팀원,매니저,5,구매기획,2022-06-03,2000-11-23,7246
2523317,경영지원본부,재경실,회계팀,허성현,일반,팀원,매니저,1,회계,2012-07-20,1990-08-12,7111
8384081,경영지원본부,총무지원실,자산관리팀,김영연,일반,팀원,매니저,1,업무지원,2009-12-02,1995-06-15,6375
8556950,경영지원본부,구매지원실,구매기획팀,송재현,일반,팀원,매니저,8,자재구매,2016-12-08,1996-06-24,1500
2643714,경영지원본부,인재경영실,인재개발팀,손영석,일반,팀원,매니저,7,조직문화,2022-09-29,1985-12-19,5999
6317318,경영지원본부,인재경영실,HR기획팀,고서아,일반,팀원,책임매니저,10,HRD,2005-02-23,1987-12-11,4249
4982612,경영지원본부,재경실,세무팀,안상빈,일반,팀원,매니저,4,재무,2010-01-10,1994-08-01,1091
2780733,경영지원본부,구매지원실,자재구매팀,한현호,일반,팀원,매니저,5,구매기획,2017-02-24,1993-09-18,2743
6903305,경영지원본부,총무지원실,업무지원팀,손민혁,일반,팀원,매니저,5,자산관리,2018-09-21,1997-10-04,1241
3503203,경영지원본부,인재경영실,인사운영팀,신수성,임원,본부장,부사장,2,HRD,2002-11-30,1972-06-13,3571
7673124,경영지원본부,총무지원실,자산관리팀,배현은,일반,팀원,매니저,1,자산관리,2014-12-12,1999-12-30,1700
5448651,경영지원본부,경영기획실,사업관리팀,유재호,일반,팀원,책임매니저,5,전략,2020-03-10,1980-09-17,0423
6437357,경영지원본부,경영기획실,전략기획팀,고지혁,일반,팀장,책임매니저,5,경영기획,2005-04-18,1974-11-19,4067
6518370,경영지원본부,인재경영실,HR기획팀,남태지,임원,실장,상무,1,조직문화,2004-05-11,1967-01-27,3145
1592579,경영지원본부,인재경영실,컬처디자인팀,안영윤,일반,팀원,매니저,7,조직문화,2008-02-28,1997-09-18,2406
1803306,경영지원본부,총무지원실,자산관리팀,유예영,일반,팀원,매니저,5,총무,2018-11-14,1992-11-20,3055
9044956,경영지원본부,총무지원실,자산관리팀,박윤석,일반,팀원,책임매니저,2,업무지원,2010-07-02,1977-12-21,8018
9725872,경영지원본부,재경실,회계팀,백태호,일반,팀원,매니저,5,세무,2026-01-23,1984-01-15,2857
7755605,경영지원본부,총무지원실,자산관리팀,손윤민,일반,팀원,책임매니저,12,업무지원,1997-07-12,1977-12-09,6073
4717518,경영지원본부,구매지원실,구매기획팀,고재아,일반,팀원,책임매니저,6,설비구매,2019-03-19,1982-03-31,1735
9099096,경영지원본부,재경실,세무팀,송예석,일반,팀원,책임매니저,6,세무,2006-10-22,1979-04-18,1313
1475337,경영지원본부,인재경영실,컬처디자인팀,오성영,일반,팀원,매니저,7,HRD,2011-05-09,1985-09-20,0215
4946632,경영지원본부,인재경영실,인재개발팀,백준경,임원,실장,상무,3,조직문화,1993-08-13,1976-02-15,6760
2448163,경영지원본부,경영기획실,사업관리팀,문윤성,일반,팀원,매니저,5,사업관리,2023-02-18,1997-11-02,3712
7594564,경영지원본부,구매지원실,설비구매팀,황상성,일반,팀원,매니저,3,설비구매,2009-08-04,1994-04-26,3057
9735876,경영지원본부,구매지원실,구매기획팀,윤윤빈,일반,팀원,매니저,6,자재구매,2013-06-18,1998-08-24,9810
9091346,경영지원본부,인재경영실,HR기획팀,오윤진,일반,팀원,책임매니저,2,인사운영,2005-03-28,1989-04-04,4050
5460419,경영지원본부,재경실,재무팀,유주혁,일반,팀원,매니저,3,세무,2023-04-30,2002-10-09,2166
2743749,경영지원본부,재경실,회계팀,권지은,일반,팀원,매니저,3,재무,2020-06-11,1992-03-18,7868
3804414,경영지원본부,인재경영실,HR기획팀,조우원,일반,팀장,책임매니저,10,HRD,1999-12-20,1974-02-23,6840
7547825,경영지원본부,구매지원실,자재구매팀,신상혁,일반,팀장,책임매니저,6,설비구매,2011-08-05,1972-04-10,4812
8968664,경영지원본부,구매지원실,구매기획팀,심성현,일반,팀장,책임매니저,6,자재구매,2016-08-23,1984-01-15,8561
1321299,경영지원본부,재경실,회계팀,배현준,일반,팀원,매니저,4,회계,2007-02-15,1998-01-19,3195
8177670,경영지원본부,구매지원실,구매기획팀,김현윤,일반,팀원,책임매니저,3,자재구매,1996-01-09,1974-04-12,6480
7481101,경영지원본부,재경실,회계팀,손승민,일반,팀원,매니저,7,재무,2013-01-09,1992-06-17,6676
9227916,경영지원본부,재경실,회계팀,최도성,일반,팀원,매니저,5,재무,2024-02-16,1996-08-28,8425
7191966,경영지원본부,구매지원실,구매기획팀,강서민,일반,팀원,책임매니저,2,자재구매,2011-09-15,1972-09-28,1910
8321989,경영지원본부,인재경영실,HR기획팀,임도민,일반,팀원,책임매니저,6,인사운영,1997-06-25,1974-12-29,0349
1708951,경영지원본부,총무지원실,총무팀,임상윤,일반,팀원,책임매니저,3,업무지원,2008-07-01,1986-07-22,0953
3976884,경영지원본부,인재경영실,HR기획팀,강윤원,일반,팀원,매니저,1,HRD,2024-11-09,1990-03-18,5720
7146903,경영지원본부,인재경영실,HR기획팀,홍도지,일반,팀원,책임매니저,2,인사운영,2020-05-10,1972-12-22,4553
9053147,경영지원본부,구매지원실,설비구매팀,송재빈,일반,팀원,매니저,3,자재구매,2015-11-13,1998-04-04,1333
7089870,경영지원본부,구매지원실,구매기획팀,윤도빈,일반,팀원,매니저,2,자재구매,2014-03-03,2002-08-19,1741
6278862,경영지원본부,구매지원실,자재구매팀,심승우,일반,팀원,책임매니저,9,설비구매,2001-02-12,1986-12-14,0991
9188590,경영지원본부,총무지원실,자산관리팀,임승호,일반,팀원,책임매니저,9,업무지원,2003-06-04,1991-12-02,6708
7015898,경영지원본부,총무지원실,총무팀,장재호,일반,팀원,매니저,5,총무,2022-11-18,1985-07-10,7625
7292700,경영지원본부,구매지원실,구매기획팀,허성지,일반,팀원,매니저,2,설비구매,2013-11-21,1996-04-14,9670
7135822,경영지원본부,총무지원실,자산관리팀,오상경,일반,팀원,매니저,8,업무지원,2012-11-13,1993-10-10,3960
8438545,경영지원본부,구매지원실,구매기획팀,최주지,일반,팀장,책임매니저,6,설비구매,2015-01-14,1978-04-11,0853
6830266,경영지원본부,인재경영실,컬처디자인팀,심승아,일반,팀원,매니저,3,인사운영,2021-08-21,1992-08-31,8613
1986705,경영지원본부,인재경영실,컬처디자인팀,조재윤,일반,팀원,매니저,4,인사운영,2023-09-21,2000-01-10,0506
5937979,경영지원본부,경영기획실,전략기획팀,이민수,일반,팀원,책임매니저,5,사업관리,2016-12-04,1978-07-07,3860
7022705,경영지원본부,경영기획실,경영기획팀,강재희,일반,팀원,매니저,2,전략,2011-08-01,1997-10-23,8940
1785182,경영지원본부,인재경영실,인재개발팀,심도희,일반,팀원,책임매니저,11,인사운영,2010-04-04,1972-01-26,3775
4835812,경영지원본부,경영기획실,전략기획팀,안상희,일반,팀원,책임매니저,1,사업관리,2018-03-14,1975-05-22,5708
7874574,경영지원본부,재경실,세무팀,심성빈,일반,팀원,매니저,5,세무,2018-05-27,1986-05-14,3371
9173777,경영지원본부,구매지원실,자재구매팀,신태영,일반,팀원,책임매니저,1,자재구매,2021-11-09,1975-08-12,5211
1957882,경영지원본부,재경실,회계팀,조상우,일반,팀원,매니저,7,회계,2018-04-18,1993-07-29,3848
5071029,경영지원본부,총무지원실,업무지원팀,임준연,일반,팀원,매니저,4,업무지원,2011-04-26,1998-08-06,8034
1687676,경영지원본부,재경실,회계팀,안상혁,일반,팀원,매니저,1,재무,2021-08-22,2000-06-03,9104
5175750,경영지원본부,구매지원실,설비구매팀,한예민,일반,팀장,책임매니저,7,설비구매,2007-08-07,1987-07-21,2759
1255740,경영지원본부,재경실,세무팀,허수수,일반,팀장,책임매니저,7,회계,2000-07-24,1991-08-10,1176
9943286,경영지원본부,구매지원실,자재구매팀,김태준,일반,팀원,매니저,5,설비구매,2007-12-12,1985-10-15,0553
9861012,경영지원본부,구매지원실,설비구매팀,조하희,임원,본부장,부사장,3,설비구매,2003-10-04,1970-12-01,1265
7948480,경영지원본부,경영기획실,전략기획팀,황우준,일반,팀원,매니저,8,사업관리,2009-04-29,1994-06-12,1937
5523103,경영지원본부,인재경영실,컬처디자인팀,정서윤,임원,본부장,부사장,5,HRD,1999-10-26,1965-06-27,9680
7751380,경영지원본부,재경실,재무팀,신혜빈,일반,팀원,매니저,5,재무,2016-04-20,1996-05-18,5932
4162432,경영지원본부,인재경영실,HR기획팀,손민은,일반,팀원,매니저,2,HR기획,2013-02-22,1994-11-29,5561
6621155,경영지원본부,구매지원실,설비구매팀,권하수,일반,팀원,매니저,2,구매기획,2008-11-08,1985-01-21,2688
6629726,경영지원본부,구매지원실,설비구매팀,정서빈,일반,팀원,매니저,1,구매기획,2015-02-10,1999-01-04,7575
9353307,경영지원본부,경영기획실,전략기획팀,조영진,일반,팀원,매니저,2,전략,2010-01-20,1987-04-09,9211
8778786,경영지원본부,구매지원실,자재구매팀,조성진,일반,팀원,매니저,1,구매기획,2010-01-12,1992-05-17,6028
1634956,경영지원본부,인재경영실,인사운영팀,황수민,일반,팀원,매니저,7,HR기획,2014-06-22,1989-12-10,2387
5791496,경영지원본부,인재경영실,인재개발팀,허도진,일반,팀원,책임매니저,2,HRD,2015-04-23,1990-03-26,1674
2450443,경영지원본부,재경실,재무팀,임승석,일반,팀원,매니저,6,재무,2022-12-09,1991-04-29,3572
4261265,경영지원본부,재경실,세무팀,유상영,일반,팀원,책임매니저,3,회계,2004-02-16,1972-08-07,6929
7001252,경영지원본부,인재경영실,인재개발팀,윤하준,일반,팀원,책임매니저,7,HR기획,2010-04-28,1987-03-19,5887
6313329,경영지원본부,총무지원실,업무지원팀,신우진,일반,팀원,매니저,8,업무지원,2020-11-18,1993-10-20,5124
2879027,경영지원본부,총무지원실,업무지원팀,황수혁,일반,팀원,매니저,8,자산관리,2023-10-02,1991-11-25,7950
6150415,경영지원본부,구매지원실,구매기획팀,송주희,일반,팀원,매니저,6,구매기획,2009-05-11,2001-08-13,5467
5118296,경영지원본부,인재경영실,인사운영팀,유서진,일반,팀원,매니저,8,조직문화,2007-03-01,1986-05-11,4738
1402802,경영지원본부,구매지원실,자재구매팀,김재현,일반,팀원,매니저,7,설비구매,2019-11-25,1985-02-12,8548
1574529,경영지원본부,경영기획실,경영기획팀,남승혁,임원,본부장,부사장,2,사업관리,1993-03-09,1974-10-24,8369
9637153,경영지원본부,구매지원실,자재구매팀,문현경,일반,팀원,매니저,6,자재구매,2015-07-15,1988-05-15,6996
3262546,경영지원본부,총무지원실,자산관리팀,남예수,일반,팀원,매니저,8,총무,2009-11-09,1988-10-17,8067
1219197,경영지원본부,인재경영실,HR기획팀,권우희,일반,팀원,매니저,1,HR기획,2009-04-23,1997-04-12,5493
1712618,경영지원본부,구매지원실,설비구매팀,전주진,일반,팀원,매니저,5,설비구매,2010-07-16,1991-07-21,8258
2888405,경영지원본부,구매지원실,구매기획팀,황주아,일반,팀원,매니저,1,설비구매,2021-07-30,1997-04-21,8446
3921017,경영지원본부,구매지원실,자재구매팀,신영현,일반,팀원,책임매니저,2,구매기획,1995-10-25,1990-08-30,0837
5805777,경영지원본부,구매지원실,설비구매팀,황승수,일반,팀원,매니저,1,구매기획,2026-04-30,1989-09-07,8467
8920711,경영지원본부,인재경영실,HR기획팀,배승은,일반,팀원,책임매니저,10,조직문화,2014-11-14,1981-08-27,0806
6672973,경영지원본부,인재경영실,인사운영팀,유상빈,일반,팀원,매니저,3,조직문화,2009-10-31,1989-06-13,0069
3280970,경영지원본부,경영기획실,경영기획팀,홍예성,일반,팀원,책임매니저,12,전략,2000-12-07,1992-08-14,5119
5437007,경영지원본부,구매지원실,자재구매팀,조진성,임원,실장,상무,1,자재구매,1994-06-22,1975-04-06,3365
3741906,경영지원본부,총무지원실,총무팀,남서연,일반,팀원,책임매니저,3,자산관리,2011-07-12,1991-07-30,6182
9757319,경영지원본부,구매지원실,구매기획팀,황영경,일반,팀장,책임매니저,2,구매기획,2002-12-07,1980-01-10,5016
9403875,경영지원본부,경영기획실,사업관리팀,송수민,일반,팀원,매니저,4,전략,2016-09-03,2001-01-26,6999
5890674,경영지원본부,총무지원실,총무팀,오영호,일반,팀원,매니저,5,자산관리,2025-11-10,1991-08-29,0436
3732383,경영지원본부,경영기획실,사업관리팀,심우민,일반,팀원,매니저,1,전략,2025-03-19,1989-01-28,3263
5537403,경영지원본부,재경실,회계팀,심민아,일반,팀원,매니저,3,재무,2011-05-18,1991-12-13,3446
7474990,경영지원본부,구매지원실,설비구매팀,이예민,일반,팀원,매니저,8,구매기획,2024-02-03,1997-05-18,6139
4288420,경영지원본부,총무지원실,총무팀,서윤희,일반,팀원,책임매니저,9,업무지원,2001-06-05,1974-01-13,2964
2492041,경영지원본부,인재경영실,HR기획팀,문수영,일반,팀원,매니저,8,HRD,2020-01-14,1984-09-10,5226
7826024,경영지원본부,인재경영실,인재개발팀,김진현,일반,팀원,매니저,5,HR기획,2023-08-18,1993-04-05,9960
1757415,경영지원본부,인재경영실,컬처디자인팀,최하우,일반,팀원,매니저,5,인사운영,2024-09-14,2002-01-29,3242
3816755,경영지원본부,구매지원실,자재구매팀,심하윤,일반,팀원,책임매니저,11,구매기획,1997-01-11,1974-02-04,0406
6556273,경영지원본부,총무지원실,총무팀,박주민,일반,팀원,매니저,2,업무지원,2007-03-05,1984-03-14,4077
8769297,경영지원본부,재경실,세무팀,배진윤,일반,팀원,책임매니저,1,재무,2012-05-22,1975-09-06,5504
3934254,경영지원본부,재경실,세무팀,오서원,일반,팀원,매니저,2,회계,2016-03-09,1988-07-04,4040
1989201,경영지원본부,총무지원실,총무팀,서수빈,일반,팀원,매니저,7,총무,2013-11-01,2002-10-08,2641
8325531,경영지원본부,경영기획실,전략기획팀,정지지,일반,팀원,매니저,1,사업관리,2017-12-09,1999-05-23,9293
3186502,경영지원본부,인재경영실,인사운영팀,황지아,일반,팀원,책임매니저,2,HR기획,2003-09-05,1984-03-02,3253
6879839,경영지원본부,인재경영실,인사운영팀,권수호,일반,팀원,매니저,3,HRD,2021-07-02,1994-10-02,5382
7697626,경영지원본부,인재경영실,인재개발팀,백준진,일반,팀장,책임매니저,2,HRD,2010-06-06,1988-06-12,8737
8866055,경영지원본부,인재경영실,인재개발팀,정승지,일반,팀원,책임매니저,1,HR기획,2010-10-14,1989-06-17,7883
3436946,경영지원본부,재경실,세무팀,윤하민,일반,팀원,매니저,6,재무,2021-11-12,1992-06-11,9641
4856827,경영지원본부,경영기획실,경영기획팀,심혜경,일반,팀원,매니저,2,경영기획,2025-01-06,1991-04-28,9432
1256101,경영지원본부,재경실,회계팀,유윤현,일반,팀원,매니저,5,회계,2016-04-13,1990-06-22,1651
9268736,경영지원본부,경영기획실,전략기획팀,김재아,임원,실장,상무,5,사업관리,2005-04-11,1976-10-13,8956
8360446,경영지원본부,경영기획실,경영기획팀,심수경,일반,팀원,매니저,1,사업관리,2018-03-26,1998-03-30,7746
4200008,경영지원본부,경영기획실,전략기획팀,장도준,일반,팀원,매니저,8,사업관리,2007-12-14,1990-09-15,2218
9670435,경영지원본부,재경실,세무팀,김성수,일반,팀원,책임매니저,11,재무,2011-08-05,1985-03-03,3283
7508331,경영지원본부,경영기획실,전략기획팀,고우우,일반,팀원,매니저,2,경영기획,2009-08-04,2001-09-09,2268
7189232,경영지원본부,경영기획실,전략기획팀,권민윤,일반,팀원,매니저,4,전략,2025-04-18,1986-10-31,5065
1837399,경영지원본부,구매지원실,자재구매팀,배주지,일반,팀원,책임매니저,11,설비구매,1999-10-31,1979-03-17,3100
4864393,경영지원본부,경영기획실,전략기획팀,정도호,일반,팀원,매니저,4,사업관리,2008-01-31,1988-10-24,4521
5015824,경영지원본부,재경실,세무팀,양윤호,일반,팀원,매니저,2,회계,2018-08-03,1993-02-27,8088
1328951,경영지원본부,구매지원실,설비구매팀,문윤지,일반,팀원,매니저,8,구매기획,2021-04-12,1992-05-11,3594
8200573,경영지원본부,총무지원실,자산관리팀,장민수,일반,팀원,매니저,2,총무,2013-10-28,1995-06-24,9792
7604321,경영지원본부,구매지원실,설비구매팀,조민현,일반,팀원,책임매니저,2,구매기획,2015-01-18,1980-10-05,2189
7629515,경영지원본부,재경실,회계팀,손태영,일반,팀장,책임매니저,4,재무,2008-05-22,1977-04-21,0451
1782731,경영지원본부,구매지원실,자재구매팀,윤윤우,일반,팀원,매니저,1,구매기획,2023-05-07,1999-08-27,2428
5890425,경영지원본부,총무지원실,총무팀,김상준,일반,팀원,매니저,3,업무지원,2021-07-20,1986-04-23,3399
7984656,경영지원본부,총무지원실,자산관리팀,임상연,일반,팀원,책임매니저,2,총무,2018-01-30,1989-06-04,9882
9835499,경영지원본부,총무지원실,자산관리팀,최재은,일반,팀원,책임매니저,10,업무지원,2000-01-11,1976-03-25,5405
9230166,경영지원본부,경영기획실,전략기획팀,홍수빈,일반,팀원,매니저,6,사업관리,2020-07-27,1998-05-13,0416
5243736,경영지원본부,구매지원실,자재구매팀,최지아,일반,팀원,매니저,6,구매기획,2016-02-19,2001-02-19,3787
3421442,경영지원본부,경영기획실,전략기획팀,이혜석,일반,팀원,매니저,5,사업관리,2026-06-21,1991-08-15,1518
3844312,경영지원본부,경영기획실,경영기획팀,최재아,일반,팀원,매니저,2,사업관리,2014-08-29,1998-06-15,8862
4740191,경영지원본부,구매지원실,구매기획팀,심수현,일반,팀원,매니저,5,자재구매,2017-02-17,2000-03-24,3198
8934627,경영지원본부,경영기획실,전략기획팀,이민호,일반,팀원,매니저,1,사업관리,2010-08-10,1991-04-01,2210
6642490,경영지원본부,총무지원실,업무지원팀,송재아,일반,팀원,매니저,8,자산관리,2024-02-20,1999-07-02,7336
6505674,경영지원본부,총무지원실,총무팀,심현빈,임원,실장,상무,3,업무지원,2000-04-08,1975-11-15,3871
9673924,경영지원본부,경영기획실,전략기획팀,최하수,일반,팀원,책임매니저,10,사업관리,1999-10-14,1988-04-05,8351
6587360,경영지원본부,경영기획실,경영기획팀,손예영,임원,본부장,부사장,2,사업관리,1987-07-24,1972-01-28,3880
6635158,경영지원본부,구매지원실,설비구매팀,배지연,일반,팀원,매니저,5,자재구매,2011-03-24,1984-06-03,2305
1205784,경영지원본부,인재경영실,인사운영팀,백재혁,일반,팀원,매니저,4,조직문화,2014-11-24,1990-11-27,2242
3394236,경영지원본부,재경실,회계팀,손도준,일반,팀원,매니저,2,재무,2013-11-26,1991-10-27,4435
9229260,경영지원본부,재경실,회계팀,백수지,일반,팀원,매니저,7,재무,2016-05-14,1989-10-21,8884
4151017,경영지원본부,구매지원실,구매기획팀,정하아,일반,팀원,매니저,8,설비구매,2014-08-18,1991-09-26,1984
1464815,경영지원본부,경영기획실,전략기획팀,백하수,일반,팀원,매니저,1,사업관리,2023-10-06,1989-01-17,1325
6084725,경영지원본부,재경실,회계팀,고진연,임원,본부장,부사장,2,세무,1998-10-17,1973-06-05,9504
2472984,경영지원본부,총무지원실,총무팀,오주진,일반,팀원,매니저,3,자산관리,2012-10-09,1998-11-24,3565
6250621,경영지원본부,인재경영실,인사운영팀,고우원,일반,팀원,매니저,1,조직문화,2024-11-21,1987-11-03,2785
7414430,경영지원본부,총무지원실,총무팀,심영우,일반,팀원,매니저,1,업무지원,2010-12-22,2002-07-26,1688
8501252,경영지원본부,경영기획실,사업관리팀,강예석,일반,팀원,매니저,1,사업관리,2011-11-08,1984-12-21,9683
6423444,경영지원본부,경영기획실,전략기획팀,심성현,일반,팀원,매니저,3,전략,2011-01-18,1993-04-14,2516
9849879,경영지원본부,인재경영실,인재개발팀,황예아,일반,팀원,책임매니저,5,인사운영,1996-04-11,1973-05-04,8873
2064529,경영지원본부,인재경영실,인재개발팀,홍윤우,일반,팀원,매니저,1,인사운영,2019-09-29,1994-01-07,4317
3921237,경영지원본부,경영기획실,경영기획팀,전서윤,일반,팀원,매니저,7,전략,2014-03-24,1985-10-01,8975
5987899,경영지원본부,구매지원실,구매기획팀,박하원,일반,팀원,매니저,2,자재구매,2012-07-20,1998-01-07,1882
7894509,경영지원본부,경영기획실,전략기획팀,유혜호,일반,팀원,매니저,7,경영기획,2007-05-08,1989-03-14,6178
9986120,경영지원본부,경영기획실,전략기획팀,조상원,일반,팀원,매니저,2,전략,2012-09-17,1990-01-24,5389
2572830,경영지원본부,구매지원실,자재구매팀,양윤혁,일반,팀원,매니저,3,설비구매,2010-07-25,1986-08-26,8156
9276716,경영지원본부,총무지원실,업무지원팀,정민은,일반,팀원,매니저,8,총무,2023-06-17,1989-03-16,9679
3909036,경영지원본부,구매지원실,설비구매팀,신현석,일반,팀원,매니저,5,설비구매,2020-10-29,1993-03-19,0180
5402442,경영지원본부,재경실,회계팀,한승석,일반,팀원,매니저,2,재무,2020-12-21,1995-01-22,1341
9530008,경영지원본부,구매지원실,구매기획팀,임태수,일반,팀원,책임매니저,5,구매기획,2009-01-26,1979-09-17,5227
7699340,경영지원본부,재경실,재무팀,고태희,일반,팀원,책임매니저,10,재무,2009-07-27,1977-06-19,2279
4441227,경영지원본부,총무지원실,자산관리팀,장서연,일반,팀원,매니저,4,자산관리,2023-01-23,2000-06-30,6334
3356461,경영지원본부,경영기획실,사업관리팀,심승경,일반,팀원,매니저,1,사업관리,2013-08-21,1992-03-25,6817
8513121,경영지원본부,총무지원실,총무팀,박서준,일반,팀원,매니저,2,총무,2017-09-06,2002-10-10,1449
3469710,경영지원본부,총무지원실,업무지원팀,유상윤,일반,팀원,매니저,8,자산관리,2011-11-04,1990-12-27,4445
9456785,경영지원본부,구매지원실,설비구매팀,문진원,일반,팀원,매니저,7,구매기획,2007-04-23,1997-10-19,1785
6490963,경영지원본부,구매지원실,구매기획팀,유재희,일반,팀원,매니저,2,구매기획,2025-03-03,1990-12-09,8438
5706674,경영지원본부,재경실,회계팀,최승윤,일반,팀원,책임매니저,7,세무,2012-06-25,1990-02-20,4399
5578949,경영지원본부,경영기획실,경영기획팀,문진우,일반,팀원,매니저,7,경영기획,2024-06-13,1995-11-03,1727
2792029,경영지원본부,경영기획실,사업관리팀,고민은,일반,팀원,매니저,6,경영기획,2013-05-21,1989-01-20,7471
8979517,경영지원본부,재경실,재무팀,유하수,일반,팀원,책임매니저,7,세무,1997-03-25,1989-12-16,1435
5645726,경영지원본부,총무지원실,자산관리팀,홍하희,일반,팀원,책임매니저,6,자산관리,2011-04-13,1984-07-19,4839
7171962,경영지원본부,총무지원실,자산관리팀,홍진원,일반,팀원,매니저,4,업무지원,2026-01-21,1999-08-16,8251
6650190,경영지원본부,인재경영실,인재개발팀,서진준,일반,팀원,책임매니저,6,HRD,2021-01-17,1990-04-01,8525
5610816,경영지원본부,총무지원실,자산관리팀,송승경,일반,팀원,매니저,7,총무,2008-08-08,1990-03-06,8505
1448615,경영지원본부,경영기획실,사업관리팀,양태현,일반,팀원,매니저,6,경영기획,2015-10-31,1985-10-21,6642
5425732,경영지원본부,경영기획실,사업관리팀,서혜호,일반,팀원,매니저,7,경영기획,2019-03-01,1993-08-10,9192
7076867,경영지원본부,재경실,세무팀,윤서영,일반,팀원,매니저,4,재무,2014-06-09,2001-06-05,6293
7605827,경영지원본부,인재경영실,HR기획팀,오진진,일반,팀원,책임매니저,10,인사운영,1996-12-21,1973-07-24,5845
9187017,경영지원본부,총무지원실,총무팀,박주원,일반,팀원,매니저,7,총무,2018-07-16,1999-12-20,4371
9035335,경영지원본부,재경실,회계팀,전민빈,일반,팀원,매니저,7,세무,2014-10-16,1985-09-29,9484
3901237,경영지원본부,재경실,세무팀,이재우,일반,팀원,매니저,1,재무,2022-08-19,1988-09-23,8719
7273508,경영지원본부,재경실,세무팀,백주원,일반,팀원,책임매니저,2,재무,2001-06-23,1979-12-22,3456
8659502,경영지원본부,총무지원실,업무지원팀,유준성,일반,팀원,책임매니저,1,자산관리,2008-05-27,1982-06-12,7572
4449245,경영지원본부,총무지원실,총무팀,홍재윤,임원,실장,상무,5,업무지원,1997-07-04,1972-05-12,6914
7991774,경영지원본부,총무지원실,업무지원팀,장혜지,일반,팀원,매니저,6,업무지원,2020-09-24,1985-06-22,9212
9803185,경영지원본부,재경실,재무팀,문태은,일반,팀원,매니저,7,세무,2008-10-04,1991-05-04,7818
3802674,경영지원본부,인재경영실,HR기획팀,한진민,일반,팀장,책임매니저,3,HRD,2019-02-14,1983-08-22,7920
8925617,경영지원본부,재경실,세무팀,백성윤,일반,팀원,책임매니저,5,재무,2007-08-14,1989-01-01,2900
8065596,경영지원본부,구매지원실,설비구매팀,권도연,일반,팀원,매니저,8,구매기획,2024-03-19,1995-09-22,3686
2807147,경영지원본부,경영기획실,전략기획팀,조민윤,일반,팀원,책임매니저,7,경영기획,2005-01-01,1972-02-10,2143
4642967,경영지원본부,총무지원실,자산관리팀,윤혜석,일반,팀원,매니저,8,총무,2017-03-03,1987-05-23,3494
9653738,경영지원본부,구매지원실,자재구매팀,허예아,일반,팀원,책임매니저,3,자재구매,2006-03-27,1988-12-05,6797
2867886,경영지원본부,인재경영실,인재개발팀,전진우,일반,팀원,매니저,8,HR기획,2008-01-26,1992-06-01,2018
8799736,경영지원본부,인재경영실,HR기획팀,서혜경,일반,팀원,매니저,1,HR기획,2024-03-18,2002-02-20,6459
5863744,경영지원본부,경영기획실,경영기획팀,조진진,일반,팀원,매니저,3,사업관리,2010-04-15,1990-05-13,0700
8343145,경영지원본부,인재경영실,인재개발팀,정태윤,임원,실장,상무,2,HRD,2001-10-20,1979-01-21,8232
6065848,경영지원본부,인재경영실,인사운영팀,고재윤,일반,팀원,책임매니저,5,HR기획,2002-10-25,1991-09-17,2227
8335019,경영지원본부,총무지원실,자산관리팀,전승혁,일반,팀원,매니저,1,자산관리,2015-09-11,1989-05-24,0910
8587333,경영지원본부,구매지원실,설비구매팀,박윤경,일반,팀원,매니저,5,설비구매,2018-08-16,1993-10-22,8244
2079324,경영지원본부,경영기획실,경영기획팀,윤현석,일반,팀원,매니저,2,전략,2010-07-10,1987-06-03,7876
7767403,경영지원본부,총무지원실,총무팀,윤태연,일반,팀장,책임매니저,7,자산관리,1996-09-28,1976-04-25,9265
9973468,경영지원본부,재경실,재무팀,박지민,일반,팀원,매니저,6,회계,2013-11-25,1998-11-03,2368
6498346,경영지원본부,경영기획실,사업관리팀,황민혁,일반,팀원,매니저,8,전략,2007-10-27,1991-06-20,3715
4934069,경영지원본부,구매지원실,구매기획팀,한승준,일반,팀원,매니저,4,자재구매,2007-10-03,2002-02-02,9493
3022064,경영지원본부,총무지원실,업무지원팀,박우혁,일반,팀원,매니저,2,자산관리,2019-03-18,1997-10-02,3642
3524094,경영지원본부,총무지원실,총무팀,허예호,일반,팀원,매니저,6,총무,2025-02-28,1996-06-22,5356
2691424,경영지원본부,경영기획실,사업관리팀,이윤희,일반,팀원,매니저,6,전략,2009-08-22,1998-06-13,2570
6546477,경영지원본부,구매지원실,자재구매팀,손승혁,임원,실장,상무,4,자재구매,1999-06-30,1974-01-15,8348
8652325,경영지원본부,경영기획실,전략기획팀,전현빈,일반,팀원,책임매니저,3,사업관리,2019-11-14,1979-11-13,8457
3684402,경영지원본부,구매지원실,자재구매팀,장주윤,일반,팀원,책임매니저,2,설비구매,2009-08-14,1976-09-26,6217
5388854,경영지원본부,경영기획실,전략기획팀,임하우,일반,팀원,매니저,3,사업관리,2012-12-01,1995-06-26,7255
6698140,경영지원본부,경영기획실,경영기획팀,심지은,일반,팀원,책임매니저,7,전략,2001-12-26,1986-01-03,9510
